City_ID,City,Country,Lat,Lng,Max Temp,Humidity,Cloudiness,Wind Speed,Weather Description
0,Ushuaia,AR,-54.8,-68.3,56.86,72,0,12.66,clear sky
1,Port Alfred,ZA,-33.5906,26.891,73.36,71,0,10.54,clear sky
2,Inhambane,MZ,-23.865,35.3833,73.38,83,20,4.61,few clouds
3,Sagarejo,GE,41.734,45.3315,23.43,95,99,2.57,overcast clouds
4,Aksu,CN,41.1231,80.2644,32.85,35,99,1.77,overcast clouds
5,Bathsheba,BB,13.2167,-59.5167,79.41,78,40,17.27,scattered clouds
6,Vila Velha,BR,-20.3297,-40.2925,73.94,95,40,2.3,scattered clouds
7,West Bay,KY,19.3667,-81.4167,75.99,89,6,1.01,clear sky
8,Busselton,AU,-33.65,115.3333,86.97,34,0,5.12,clear sky
9,Kirovskiy,RU,45.0917,133.5136,13.03,89,100,8.75,light snow
10,Takoradi,GH,4.8845,-1.7554,78.17,88,77,5.26,broken clouds
11,Brae,GB,60.3964,-1.353,44.1,79,100,12.08,overcast clouds
12,Joniskelis,LT,56.0253,24.1689,30.07,91,100,15.68,overcast clouds
13,Shetpe,KZ,44.1667,52.1167,13.06,71,35,2.98,scattered clouds
14,Villacarrillo,ES,38.1156,-3.0848,50.95,96,100,11.01,overcast clouds
15,Chuy,UY,-33.6971,-53.4616,64.72,85,0,6.89,clear sky
16,Hermanus,ZA,-34.4187,19.2345,63.81,84,81,5.41,broken clouds
17,Touros,BR,-5.1989,-35.4608,77.11,80,73,7.63,broken clouds
18,Taltal,CL,-25.4,-70.4833,66.85,78,2,2.19,clear sky
19,Jasper,US,37.2001,-94.3502,37.26,69,0,6.91,clear sky
20,Urengoy,RU,65.9667,78.3667,-13.92,99,100,6.31,overcast clouds
21,Manaure,CO,11.7751,-72.4445,77.52,81,34,8.93,scattered clouds
22,Mar Del Plata,AR,-38.0023,-57.5575,72.09,91,40,18.01,scattered clouds
23,Ouallam,NE,14.3188,2.0866,67.33,24,26,11.39,scattered clouds
24,East London,ZA,-33.0153,27.9116,71.49,75,0,11.1,clear sky
25,Jamestown,US,42.097,-79.2353,29.01,72,100,5.75,overcast clouds
26,Hithadhoo,MV,-0.6,73.0833,81.52,75,62,10.09,broken clouds
27,San Andres,CO,12.5847,-81.7006,80.62,78,40,11.5,scattered clouds
28,Husavik,IS,66.0449,-17.3389,35.98,99,100,20.18,overcast clouds
29,Mahebourg,MU,-20.4081,57.7,83.25,69,40,12.66,scattered clouds
30,Georgetown,MY,5.4112,100.3354,84.13,77,40,8.05,scattered clouds
31,Dikson,RU,73.5069,80.5464,-36.06,93,24,9.1,few clouds
32,Aripuana,BR,-9.1667,-60.6333,69.42,99,100,1.16,overcast clouds
33,Kosh-Agach,RU,50.0,88.6667,13.37,86,63,2.75,broken clouds
34,Koslan,RU,63.4564,48.8989,-30.84,99,26,4.34,scattered clouds
35,Roald,NO,62.5833,6.1333,42.94,65,98,3.44,overcast clouds
36,Barcelona,ES,41.3888,2.159,59.9,71,20,6.91,few clouds
37,Upernavik,GL,72.7868,-56.1549,-18.08,97,57,7.96,broken clouds
38,Kaele,CM,10.1092,14.4508,66.16,24,90,10.69,overcast clouds
39,Jardim,BR,-21.4803,-56.1381,69.1,81,0,2.08,clear sky
40,Pangody,RU,65.85,74.4859,-13.76,95,100,17.07,overcast clouds
41,Bredasdorp,ZA,-34.5322,20.0403,66.9,86,79,2.77,broken clouds
42,Coquimbo,CL,-29.9533,-71.3436,62.33,88,0,2.3,clear sky
43,Mana,GF,5.6592,-53.7767,74.39,93,100,7.78,overcast clouds
44,Geraldton,AU,-28.7667,114.6,86.41,42,0,17.27,clear sky
45,Grand Gaube,MU,-20.0064,57.6608,83.37,65,9,8.01,clear sky
46,Saint George,US,37.1041,-113.5841,43.79,78,0,0.0,clear sky
47,Port Elizabeth,ZA,-33.918,25.5701,69.31,83,0,4.61,clear sky
48,Bubaque,GW,11.2833,-15.8333,79.5,52,99,24.02,overcast clouds
49,Iqaluit,CA,63.7506,-68.5145,-22.27,69,75,25.32,broken clouds
50,Buchanan,LR,5.8808,-10.0467,77.09,87,22,4.18,few clouds
51,Richards Bay,ZA,-28.783,32.0377,70.88,78,0,9.71,clear sky
52,Raga,SS,8.4596,25.678,62.87,28,68,4.38,broken clouds
53,Banda Aceh,ID,5.5577,95.3222,83.1,66,29,7.92,scattered clouds
54,Qaanaaq,GL,77.484,-69.3632,-13.47,98,100,2.35,overcast clouds
55,Saint-Augustin,CA,51.226,-58.6502,7.36,78,82,6.2,broken clouds
56,Clyde River,CA,70.4692,-68.5914,-25.37,75,0,13.8,haze
57,Gore,NZ,-46.1028,168.9436,81.68,35,0,5.7,clear sky
58,Comodoro Rivadavia,AR,-45.8667,-67.5,73.26,35,0,9.22,clear sky
59,Longyearbyen,SJ,78.2186,15.6401,10.87,94,100,5.03,overcast clouds
60,Victoria,HK,22.2855,114.1577,71.26,76,98,11.01,overcast clouds
61,Povolzhskiy,RU,53.5854,49.7629,-20.58,100,46,3.65,scattered clouds
62,Oruro,BO,-17.9833,-67.15,46.24,71,100,6.58,overcast clouds
63,Mari-Turek,RU,56.7895,49.6235,-35.21,99,21,5.21,few clouds
64,Orangeburg,US,33.4918,-80.8557,54.82,81,75,6.91,broken clouds
65,Seeboden,AT,46.8219,13.495,40.68,99,100,0.67,overcast clouds
66,Castro,BR,-24.7911,-50.0119,57.94,96,50,6.91,scattered clouds
67,Cariamanga,EC,-4.3333,-79.55,52.68,87,99,2.15,overcast clouds
68,Koygorodok,RU,60.445,50.9968,-35.77,99,46,2.95,scattered clouds
69,Yashkul,RU,46.1711,45.3435,10.27,69,5,4.18,clear sky
70,Laguna,US,38.421,-121.4238,57.18,87,100,10.36,overcast clouds
71,Velesin,CZ,48.8295,14.4625,42.48,93,100,6.53,overcast clouds
72,Ceres,US,37.5949,-120.9577,58.05,87,20,9.22,light rain
73,Buenaventura,CO,3.8801,-77.0312,72.88,96,100,3.15,light rain
74,Uyuni,BO,-20.4597,-66.825,49.77,41,0,6.51,clear sky
75,Kavaratti,IN,10.5669,72.642,82.4,62,1,10.78,clear sky
76,Saint-Honore,CA,48.5334,-71.0824,19.42,76,99,8.05,light snow
77,Collingwood,CA,44.4834,-80.2164,30.52,80,94,3.44,overcast clouds
78,Bandarbeyla,SO,9.4942,50.8122,76.95,68,27,16.82,scattered clouds
79,Penzance,GB,50.1186,-5.5371,45.28,80,77,34.65,broken clouds
80,Rio Grande,BR,-32.035,-52.0986,69.26,77,16,12.41,few clouds
81,Galle,LK,6.0367,80.217,80.98,76,35,2.84,scattered clouds
82,Cape Town,ZA,-33.9258,18.4232,65.1,87,0,5.75,clear sky
83,Moussoro,TD,13.6408,16.4901,61.93,21,64,11.59,broken clouds
84,Muisne,EC,0.6,-80.0333,75.38,86,97,6.62,light rain
85,Eloi Mendes,BR,-21.61,-45.5653,62.92,97,100,3.29,overcast clouds
86,Klaksvik,FO,62.2266,-6.589,43.72,77,92,21.7,overcast clouds
87,Acarau,BR,-2.8856,-40.12,78.13,82,96,11.88,overcast clouds
88,Vila Franca Do Campo,PT,37.7167,-25.4333,61.21,83,95,9.33,overcast clouds
89,Chernushka,RU,56.5072,56.0766,-38.79,100,61,3.56,broken clouds
90,Rocha,UY,-34.4833,-54.3333,61.5,94,1,5.88,clear sky
91,Souillac,MU,-20.5167,57.5167,82.78,69,40,12.66,scattered clouds
92,Hualmay,PE,-11.0964,-77.6139,69.3,82,87,5.75,overcast clouds
93,Piacabucu,BR,-10.4056,-36.4344,75.52,86,46,7.85,scattered clouds
94,Antofagasta,CL,-23.65,-70.4,65.48,78,25,4.81,scattered clouds
95,Luderitz,NA,-26.6481,15.1594,61.14,93,50,8.39,scattered clouds
96,Tabas,IR,33.5959,56.9244,51.96,39,0,3.71,clear sky
97,Margate,GB,51.3813,1.3862,43.88,88,85,5.01,overcast clouds
98,Awbari,LY,26.5921,12.7805,45.03,66,0,3.85,clear sky
99,Lubao,PH,14.9167,120.55,86.07,58,44,11.32,scattered clouds
100,Araguaina,BR,-7.1911,-48.2072,72.77,90,61,2.55,broken clouds
101,Terra Santa,BR,-2.1042,-56.4869,75.31,79,84,2.59,broken clouds
102,Nouakchott,MR,18.0858,-15.9785,66.13,32,100,10.42,overcast clouds
103,Jos,NG,9.9167,8.9,55.47,27,93,8.05,overcast clouds
104,Ponta Do Sol,PT,32.6667,-17.1,64.71,79,2,2.53,clear sky
105,Dingle,PH,10.9995,122.6711,76.06,91,100,9.64,overcast clouds
106,Bakel,SN,14.905,-12.4568,75.65,15,100,15.77,overcast clouds
107,Lucea,JM,18.451,-78.1736,76.86,80,2,10.63,clear sky
108,Sao Filipe,CV,14.8961,-24.4956,72.45,67,0,11.52,clear sky
109,Kentau,KZ,43.5206,68.5094,27.97,66,100,6.13,snow
110,Nanortalik,GL,60.1432,-45.2371,28.09,73,100,12.28,overcast clouds
111,Svatove,UA,49.4103,38.1503,9.27,81,11,4.54,few clouds
112,Mudanya,TR,40.3753,28.8822,42.55,59,0,3.2,clear sky
113,Boddam,GB,57.4667,-1.7833,35.44,82,74,10.58,broken clouds
114,Namibe,AO,-15.1961,12.1522,70.59,78,97,4.36,overcast clouds
115,Molchanovo,RU,57.5817,83.7692,3.61,86,100,18.01,overcast clouds
116,Tasiilaq,GL,65.6145,-37.6368,19.56,59,39,8.95,scattered clouds
117,Omboue,GA,-1.5746,9.2618,73.69,93,100,7.54,light rain
118,Praia,CV,14.9215,-23.5087,70.34,73,20,17.27,few clouds
119,Walvis Bay,NA,-22.9575,14.5053,66.09,82,15,6.91,few clouds
120,Ilulissat,GL,69.2167,-51.1,3.22,66,67,3.44,broken clouds
121,Mayumba,GA,-3.432,10.6554,74.61,94,100,6.44,light rain
122,Hofn,IS,64.2539,-15.2082,37.15,67,98,18.07,overcast clouds
123,Mbini,GQ,1.574,9.6134,78.04,86,99,3.71,light rain
124,Granadilla De Abona,ES,28.1188,-16.576,57.78,68,0,8.05,clear sky
125,Dakar,SN,14.6937,-17.4441,68.88,70,100,9.33,overcast clouds
126,Kitui,KE,-1.367,38.0106,65.21,88,58,1.14,broken clouds
127,Cayenne,GF,4.9333,-52.3333,73.44,94,100,2.3,overcast clouds
128,Saint-Philippe,RE,-21.3585,55.7679,83.79,77,37,12.21,scattered clouds
129,Arlit,NE,18.7369,7.3853,60.94,24,93,9.89,overcast clouds
130,Port Blair,IN,11.6667,92.75,84.24,65,20,12.66,few clouds
131,Arraial Do Cabo,BR,-22.9661,-42.0278,70.92,90,100,6.91,light rain
132,Kumluca,TR,36.3703,30.2869,53.13,47,0,5.08,clear sky
133,Ostersund,SE,63.1792,14.6357,33.62,100,100,14.97,mist
134,Tiznit,MA,29.5833,-9.5,51.33,53,0,1.99,clear sky
135,Akhtanizovskaya,RU,45.32,37.1,14.47,59,1,21.27,clear sky
136,Guigue,VE,10.0853,-67.7792,76.82,88,48,1.14,scattered clouds
137,Bambous Virieux,MU,-20.3428,57.7575,83.21,69,40,12.66,scattered clouds
138,Ambilobe,MG,-13.2,49.05,80.4,75,1,2.93,clear sky
139,Thinadhoo,MV,0.5333,72.9333,81.18,77,100,12.17,overcast clouds
140,Port Shepstone,ZA,-30.7414,30.455,69.66,82,4,8.25,clear sky
141,Hambantota,LK,6.1241,81.1185,82.74,65,20,12.66,few clouds
142,Codrington,AU,-38.2667,141.9667,67.73,60,95,15.05,overcast clouds
143,Yar-Sale,RU,66.8333,70.8333,-16.29,89,37,17.58,scattered clouds
144,Umm Bab,QA,25.2142,50.8072,62.1,62,68,5.28,broken clouds
145,Kinsale,IE,51.7075,-8.5306,42.17,87,40,19.57,light rain
146,Dalmatovo,RU,56.26,62.9362,-16.02,89,100,9.84,overcast clouds
147,Saldanha,ZA,-33.0117,17.9442,57.25,91,9,2.48,clear sky
148,Wanlaweyn,SO,2.6185,44.8938,76.96,74,65,13.98,broken clouds
149,Adrar,MR,20.5022,-10.0711,59.61,17,99,15.19,overcast clouds
150,Havre-Saint-Pierre,CA,50.2334,-63.5986,19.4,85,100,4.61,light snow
151,Sanawad,IN,22.1833,76.0667,68.95,22,0,5.61,clear sky
152,Caconda,AO,-13.7333,15.0667,58.75,97,93,2.08,overcast clouds
153,Mamlyutka,KZ,54.9375,68.5394,-20.18,94,100,12.41,overcast clouds
154,Lebu,CL,-37.6167,-73.65,57.29,95,7,3.31,clear sky
155,Ribeira Grande,PT,38.5167,-28.7,62.78,92,100,15.01,overcast clouds
156,Moron,AR,-34.6534,-58.6198,76.96,79,0,10.63,clear sky
157,Arrecife,ES,28.963,-13.5477,62.58,77,20,9.22,few clouds
158,Luanda,AO,-8.8368,13.2343,75.2,94,75,5.75,broken clouds
159,Iralaya,HN,15.0,-83.2333,75.04,86,63,6.96,light rain
160,Kulhudhuffushi,MV,6.6221,73.07,80.91,66,7,3.4,clear sky
161,Salalah,OM,17.0151,54.0924,71.69,68,75,5.75,broken clouds
162,Kjollefjord,NO,70.9457,27.3465,23.05,93,100,48.34,heavy snow
163,Eyemouth,GB,55.8713,-2.0901,42.24,82,79,15.84,broken clouds
164,Tucuma,BR,-0.1833,-50.05,74.3,93,82,4.7,broken clouds
165,Narsaq,GL,60.9167,-46.05,14.22,69,100,10.49,overcast clouds
166,Albany,US,42.6001,-73.9662,30.22,81,3,1.95,clear sky
167,Andenes,NO,69.3143,16.1194,35.58,69,75,20.71,broken clouds
168,Marsh Harbour,BS,26.5412,-77.0636,74.44,72,36,10.8,scattered clouds
169,Rudnya,RU,54.947,31.0934,14.94,85,100,13.78,overcast clouds
170,Cidreira,BR,-30.1811,-50.2056,70.66,78,13,12.73,few clouds
171,Aranos,NA,-24.1333,19.1167,74.89,36,3,13.73,clear sky
172,Torbay,CA,47.6666,-52.7314,28.58,90,100,19.57,light snow
173,Filingue,NE,14.3521,3.3168,66.81,25,16,10.18,few clouds
174,Kali,CO,3.4372,-76.5225,68.0,88,75,4.61,light rain
175,Astana,KZ,51.1801,71.446,-16.65,69,20,13.42,few clouds
176,Sinnamary,GF,5.3833,-52.95,74.88,92,100,8.79,overcast clouds
177,Sabha,LY,27.0377,14.4283,47.41,75,0,6.93,clear sky
178,Saint-Nazaire,FR,47.2833,-2.2,47.03,79,75,18.41,broken clouds
179,Westport,US,41.1415,-73.3579,40.06,80,75,6.91,broken clouds
180,Faya,SA,18.3851,42.4509,53.71,67,1,5.08,clear sky
181,Oriximina,BR,-1.7656,-55.8661,74.59,88,87,1.21,overcast clouds
182,Warri,NG,5.5167,5.75,73.27,97,63,2.44,broken clouds
183,Krutinka,RU,56.0055,71.5113,-17.37,91,100,14.29,overcast clouds
184,Virginia Beach,US,36.8529,-75.978,46.44,95,100,5.75,mist
185,Mabaruma,GY,8.2,-59.7833,71.35,99,96,2.3,overcast clouds
186,Pyshma,RU,56.9523,63.2513,-19.43,91,100,7.94,overcast clouds
187,Buncrana,IE,55.1333,-7.45,43.11,78,69,20.89,broken clouds
188,Necochea,AR,-38.5473,-58.7368,65.34,81,73,15.57,broken clouds
189,Harbour Breton,CA,47.4833,-55.7983,22.68,69,12,15.95,few clouds
190,Patacamaya,BO,-17.2333,-67.9167,45.59,82,100,7.81,overcast clouds
191,Buraydah,SA,26.326,43.975,55.85,76,100,11.83,overcast clouds
192,Rosignano Marittimo,IT,43.4079,10.4729,60.35,82,78,22.1,broken clouds
193,Campagna,IT,40.6653,15.1059,54.09,87,100,3.0,overcast clouds
194,Harper,LR,4.375,-7.7169,77.5,85,30,5.59,scattered clouds
195,Graaff-Reinet,ZA,-32.2522,24.5308,77.74,30,0,4.54,clear sky
196,Manacor,ES,39.5696,3.2096,66.33,78,77,10.85,broken clouds
197,Murgab,TM,37.4966,61.9714,33.67,80,100,9.22,overcast clouds
198,Hamilton,US,39.1834,-84.5333,37.09,84,100,8.05,overcast clouds
199,Nioaque,BR,-21.1353,-55.83,71.33,78,29,2.89,scattered clouds
200,Nantucket,US,41.2835,-70.0995,39.31,75,75,12.66,broken clouds
201,Aswan,EG,24.0934,32.907,52.9,50,0,9.22,clear sky
202,Gezing,AT,47.9178,13.1299,39.34,96,75,2.3,light rain
203,Punta Arenas,CL,-53.15,-70.9167,57.31,77,0,6.91,clear sky
204,Nalut,LY,30.3333,10.85,44.15,57,0,6.46,clear sky
205,Lubumbashi,CD,-11.6609,27.4794,62.29,98,100,1.79,light rain
206,Eirunepe,BR,-6.6603,-69.8736,71.46,99,100,3.22,light rain
207,Dawlatabad,AF,36.4141,64.9053,49.66,53,3,5.26,clear sky
208,Tazovskiy,RU,67.4667,78.7,-13.11,97,100,10.94,overcast clouds
209,Jasidih,IN,24.5167,86.65,67.03,17,0,7.34,clear sky
210,Mao,ES,39.8885,4.2658,61.36,88,20,8.05,few clouds
211,Copiapo,CL,-27.3667,-70.3333,60.49,66,0,0.89,clear sky
212,Costa Rica,BR,-23.4167,-54.65,69.98,68,50,4.03,scattered clouds
213,Santa Lucia,ES,27.9117,-15.5407,56.52,77,40,10.36,scattered clouds
214,Sergokala,RU,42.4547,47.6612,11.5,73,78,1.32,broken clouds
215,Conde,BR,-7.2597,-34.9075,74.66,88,20,2.3,few clouds
216,Luau,AO,-10.7073,22.2247,62.29,99,100,3.85,light rain
217,Kudahuvadhoo,MV,2.6708,72.8944,81.48,72,29,15.84,scattered clouds
218,Belmonte,BR,-15.8631,-38.8828,75.31,88,98,5.5,overcast clouds
219,Yevpatoriya,UA,45.1972,33.3558,26.89,55,13,12.55,few clouds
220,Usinsk,RU,65.9939,57.5281,-2.88,98,100,9.08,overcast clouds
221,Blois,FR,47.5833,1.3333,44.98,83,77,18.28,broken clouds
222,Santa Isabel Do Rio Negro,BR,-0.4139,-65.0192,71.31,98,95,1.7,overcast clouds
223,Agadez,NE,19.75,10.25,52.45,40,85,11.74,overcast clouds
224,Roquetas De Mar,ES,36.7642,-2.6148,59.0,84,100,14.9,overcast clouds
225,Kharabali,RU,47.4196,47.2568,5.54,91,15,6.4,few clouds
226,Caravelas,BR,-17.7125,-39.2481,72.86,95,100,3.67,overcast clouds
227,Conceicao Das Alagoas,BR,-19.9147,-48.3883,71.38,97,100,4.7,moderate rain
228,Zbarazh,UA,49.6636,25.7762,33.71,97,100,18.52,overcast clouds
229,Alford,GB,57.2326,-2.703,38.1,89,100,5.5,overcast clouds
230,Saint-Joseph,RE,-21.3667,55.6167,82.78,72,17,9.8,few clouds
231,Berlevag,NO,70.8578,29.0864,17.6,93,100,47.18,overcast clouds
232,Sao Sebastiao,BR,-23.76,-45.4097,71.74,93,100,1.12,overcast clouds
233,Trofors,NO,65.5333,13.4063,35.47,95,100,5.7,overcast clouds
234,Quelimane,MZ,-17.8786,36.8883,73.35,88,75,9.22,moderate rain
235,Luis Correia,BR,-2.8792,-41.6669,78.13,80,97,10.18,overcast clouds
236,Keti Bandar,PK,24.1447,67.4497,73.38,41,0,4.54,clear sky
237,Cabedelo,BR,-6.9811,-34.8339,75.87,81,92,7.09,overcast clouds
238,Krasnoarmeysk,RU,51.0239,45.6969,-7.4,97,6,5.28,clear sky
239,Cheremshanka,RU,56.1192,60.268,-15.41,89,100,6.44,overcast clouds
240,Maun,BW,-19.9833,23.4167,66.16,100,0,8.05,clear sky
241,Adre,TD,13.4667,22.2,59.58,28,100,12.5,overcast clouds
242,Opuwo,NA,-18.0607,13.84,68.94,31,90,3.56,overcast clouds
243,Hvittingfoss,NO,59.4833,10.0167,40.57,93,100,5.01,light rain
244,Chicama,PE,-7.8447,-79.1469,66.74,74,85,4.25,overcast clouds
245,Sidrolandia,BR,-20.9319,-54.9614,68.07,83,29,5.84,scattered clouds
246,Vardo,NO,70.3705,31.1107,21.18,93,100,44.87,heavy snow
247,Agirish,RU,61.9247,63.0231,-21.35,90,70,4.09,broken clouds
248,Kondinskoye,RU,59.6481,67.41,-25.53,93,13,9.86,few clouds
249,Chachapoyas,PE,-6.2317,-77.869,53.11,98,84,2.44,broken clouds
250,Zaranj,AF,30.9667,61.8833,48.16,64,11,4.68,few clouds
251,Kilembe,UG,0.2,30.0,63.43,57,30,2.51,scattered clouds
252,Villmergen,CH,47.3492,8.2458,43.97,93,95,14.0,light rain
253,Paamiut,GL,61.994,-49.6678,26.24,67,100,12.01,overcast clouds
254,Nara,JP,34.6851,135.8049,55.49,38,1,11.56,clear sky
255,Parry Sound,CA,45.3501,-80.033,32.05,74,100,5.99,overcast clouds
256,Kalmunai,LK,7.4167,81.8167,80.04,71,24,14.76,few clouds
257,Purpe,RU,64.4803,76.6897,-15.38,98,93,10.13,overcast clouds
258,Bilma,NE,18.6853,12.9164,56.25,36,42,14.85,scattered clouds
259,Angoche,MZ,-16.2325,39.9086,77.67,86,100,4.36,overcast clouds
260,Pryyutivka,UA,48.7209,33.0708,18.34,74,74,13.62,broken clouds
261,Rennes,FR,48.1667,-1.6667,44.64,76,0,14.97,clear sky
262,Ituporanga,BR,-27.4144,-49.6025,64.51,92,91,1.59,overcast clouds
263,Carnarvon,AU,-24.8667,113.6333,81.1,62,0,18.77,clear sky
264,Bonavista,CA,48.6499,-53.1147,24.94,75,100,20.85,overcast clouds
265,Breytovo,RU,58.2993,37.8617,-16.74,96,15,7.23,few clouds
266,Belomorsk,RU,64.5232,34.7668,2.3,80,99,9.48,overcast clouds
267,Bonthe,SL,7.5264,-12.505,75.11,82,33,2.93,scattered clouds
268,Berbera,SO,10.4396,45.0143,75.7,71,71,2.35,broken clouds
269,Jumla,NP,29.2747,82.1838,58.3,15,6,4.0,clear sky
270,Sena Madureira,BR,-9.0656,-68.6569,72.59,94,99,2.93,overcast clouds
271,Moche,PE,-8.1711,-79.0092,68.18,88,75,6.91,fog
272,San Rafael,AR,-34.6177,-68.3301,83.23,30,99,5.37,overcast clouds
273,Treinta Y Tres,UY,-33.2333,-54.3833,60.8,96,0,6.91,clear sky
274,Fonseca,CO,10.8861,-72.8487,70.7,92,22,1.77,few clouds
275,Kamenka,RU,51.3223,42.7678,1.4,97,79,3.02,broken clouds
276,Oranjemund,NA,-28.55,16.4333,61.39,91,42,4.29,scattered clouds
277,Bertrix,BE,49.856,5.2554,40.66,91,96,13.96,overcast clouds
278,Bodden Town,KY,19.2833,-81.25,75.92,82,5,3.0,clear sky
279,Bulaevo,KZ,54.9056,70.4439,-20.0,93,100,14.16,overcast clouds
280,Porto Walter,BR,-8.2686,-72.7439,71.82,86,73,2.59,broken clouds
281,Kang,BW,-23.6752,22.7876,70.0,60,8,12.1,clear sky
282,Saint Anthony,US,45.0205,-93.218,15.73,88,0,4.61,mist
283,Fremont,US,37.5483,-121.9886,59.09,84,100,11.5,moderate rain
284,Gazli,UZ,40.1333,63.45,29.86,81,99,9.53,overcast clouds
285,Grajau,BR,-5.8194,-46.1386,71.17,96,37,1.45,scattered clouds
286,Mogadishu,SO,2.0371,45.3438,76.87,88,0,11.5,clear sky
287,Kutum,SD,14.2,24.6667,53.62,31,100,5.93,overcast clouds
288,Makungu,TZ,-8.7333,35.2833,64.9,95,100,1.81,overcast clouds
289,Aksarka,RU,66.5606,67.7975,-19.53,98,84,6.29,broken clouds
290,Goianesia,BR,-15.3175,-49.1175,65.7,97,98,0.43,light rain
291,Mandera,KE,3.9366,41.867,78.75,56,17,10.78,few clouds
292,Marzuq,YE,14.4,46.4667,66.31,56,1,1.25,clear sky
293,Charlestown,AU,-32.95,151.6667,77.41,66,0,5.01,clear sky
294,Lipari,IT,38.4674,14.954,59.27,67,63,8.37,broken clouds
295,Aktau,KZ,43.65,51.2,10.98,67,97,7.09,light snow
296,Brezoi,RO,45.338,24.2486,36.46,91,55,1.9,broken clouds
297,Nuuk,GL,64.1835,-51.7216,21.25,82,100,8.95,overcast clouds
298,Cueto,CU,20.6439,-75.9356,72.12,82,0,7.0,clear sky
299,Olsztyn,PL,53.7799,20.4942,35.56,97,100,8.39,overcast clouds
300,Akhmim,EG,26.5622,31.745,48.4,63,2,6.91,clear sky
301,Kodinar,IN,20.7903,70.7031,79.7,41,0,8.48,clear sky
302,La Fria,VE,8.2203,-72.2439,77.11,94,57,2.33,broken clouds
303,Baillif,GP,16.0202,-61.7463,72.9,74,22,11.63,few clouds
304,Sansepolcro,IT,43.5747,12.143,56.1,55,100,9.86,overcast clouds
305,Cap Malheureux,MU,-19.9842,57.6142,83.46,66,7,5.01,clear sky
306,Imbituba,BR,-28.24,-48.6703,66.81,86,9,3.38,clear sky
307,Kasama,ZM,-10.2129,31.1808,62.65,95,100,1.1,light rain
308,Thompson,CA,55.7435,-97.8558,-10.75,100,65,1.16,broken clouds
309,Ayolas,PY,-27.4,-56.9,72.43,57,98,4.47,overcast clouds
310,Atasu,KZ,48.6814,71.6433,-5.58,98,52,5.64,broken clouds
311,Vestmannaeyjar,IS,63.4427,-20.2734,33.42,83,62,26.49,broken clouds
312,Lagoa,PT,39.05,-27.9833,61.66,79,100,17.4,overcast clouds
313,Qaqortoq,GL,60.7167,-46.0333,24.49,67,100,9.57,light snow
314,Bad Sachsa,DE,51.595,10.5555,45.28,97,100,8.21,light rain
315,New Castle,US,41.0037,-80.347,32.92,84,96,4.27,overcast clouds
316,Llanes,ES,43.4198,-4.7549,53.89,69,86,20.87,overcast clouds
317,Kautokeino,NO,69.0125,23.0412,12.45,91,100,23.02,overcast clouds
318,Wukari,NG,7.85,9.7833,68.74,23,73,7.45,broken clouds
319,Kemerovo,RU,55.3333,86.0833,15.49,62,20,29.08,few clouds
320,Enterprise,US,36.0252,-115.2419,49.46,64,20,5.75,few clouds
321,Dongobesh,TZ,-4.0667,35.3833,58.98,86,50,4.47,scattered clouds
322,Lekoni,GA,-1.5843,14.2591,71.87,83,82,3.51,light rain
323,Lake City,US,30.1897,-82.6393,56.91,88,0,4.61,clear sky
324,Teguldet,RU,57.3064,88.1667,17.82,84,86,18.77,overcast clouds
325,Passo Fundo,BR,-28.2628,-52.4067,59.85,76,24,10.04,few clouds
326,Sochi,RU,43.6,39.7303,33.89,64,47,8.41,scattered clouds
327,Knysna,ZA,-34.0363,23.0471,70.32,79,6,4.29,clear sky
328,Karpathos,GR,35.507,27.2132,53.56,71,0,9.22,clear sky
329,Praia Da Vitoria,PT,38.7333,-27.0667,62.85,82,75,15.57,broken clouds
330,Santa Isabel,BR,-23.3156,-46.2214,65.5,98,100,1.63,overcast clouds
331,Otukpo,NG,7.1913,8.1329,69.3,24,53,3.33,broken clouds
332,Pondicherry,IN,11.93,79.83,75.58,64,4,5.75,haze
333,Oneida,US,43.2001,-75.4663,26.8,93,0,5.75,clear sky
334,Kalugumalai,IN,9.15,77.7167,79.54,60,29,13.87,scattered clouds
335,Petrozavodsk,RU,61.7849,34.3469,-4.52,76,74,6.71,broken clouds
336,Chastyye,RU,57.2888,54.9728,-42.63,100,57,3.0,broken clouds
337,San Cristobal,VE,7.7669,-72.225,68.18,94,33,1.34,scattered clouds
338,Sagar,IN,23.8333,78.7167,66.7,18,0,4.23,clear sky
339,Huancavelica,PE,-12.7667,-74.9833,38.8,94,100,3.18,moderate rain
340,Ekibastuz,KZ,51.6667,75.3667,-4.07,81,7,21.05,clear sky
341,Matara,LK,5.9485,80.5353,83.03,68,25,2.1,scattered clouds
342,Itarema,BR,-2.9248,-39.9167,78.69,79,99,11.18,overcast clouds
343,Soavinandriana,MG,-19.1667,46.7333,66.45,80,90,4.29,overcast clouds
344,Mangrol,IN,21.1167,70.1167,76.96,49,0,8.9,clear sky
345,Nouadhibou,MR,20.931,-17.0347,64.38,36,11,19.57,few clouds
346,Mincivan,AZ,39.0294,46.7185,27.37,96,100,2.3,light snow
347,Young,UY,-32.6833,-57.6333,71.15,58,0,13.2,clear sky
348,Vaals,NL,50.7708,6.0181,42.58,76,97,19.93,overcast clouds
349,Wolow,PL,51.3366,16.6443,39.16,87,100,7.52,overcast clouds
350,Inzer,RU,54.2167,57.5556,-24.05,100,100,1.19,overcast clouds
351,Kralendijk,BQ,12.15,-68.2667,78.78,89,75,12.66,broken clouds
352,Salinopolis,BR,-0.6136,-47.3561,77.76,85,99,9.33,overcast clouds
353,Areosa,PT,41.7178,-8.8571,51.75,73,83,8.1,broken clouds
354,Ugoofaaru,MV,5.6667,73.0,80.98,74,13,13.0,few clouds
355,Wattegama,LK,6.7989,81.4808,82.26,59,8,10.96,clear sky
356,Impfondo,CG,1.6381,18.0667,67.57,70,37,1.92,scattered clouds
357,Salta,AR,-24.7859,-65.4117,66.79,79,75,4.61,broken clouds
358,Aquin,HT,18.2833,-73.4,74.35,82,1,2.35,clear sky
359,Benguela,AO,-12.5763,13.4055,75.85,83,100,0.45,overcast clouds
360,Tabou,CI,4.423,-7.3528,77.32,86,23,5.53,few clouds
361,Lima,PE,-12.0432,-77.0282,70.9,77,0,5.75,clear sky
362,Menongue,AO,-14.6585,17.691,61.92,86,99,3.74,overcast clouds
363,Cartagena,CO,10.3997,-75.5144,78.42,89,20,5.75,few clouds
364,Sakakah,SA,29.9697,40.2064,51.37,75,99,4.07,light rain
365,Lampa,CL,-33.2833,-70.9,69.33,77,0,11.5,clear sky
366,Oum Hadjer,TD,13.2954,19.6966,64.29,20,100,8.9,overcast clouds
367,Dharchula,IN,29.85,80.5333,69.66,16,75,4.5,broken clouds
368,Ambovombe,MG,-25.1667,46.0833,77.61,75,98,0.51,overcast clouds
369,Plouzane,FR,48.3833,-4.6167,44.92,73,40,29.93,scattered clouds
370,Coihaique,CL,-45.5752,-72.0662,61.41,94,100,6.91,light rain
371,Baracoa,CU,20.3467,-74.4958,75.18,84,86,11.07,moderate rain
372,Kindu,CD,-2.95,25.95,68.61,98,99,2.37,overcast clouds
373,Sao Geraldo Do Araguaia,BR,-6.4006,-48.555,71.73,97,68,2.53,light rain
374,Pamplona,ES,42.8169,-1.6432,46.98,76,40,5.99,scattered clouds
375,Branford,US,41.2795,-72.8151,39.33,78,40,14.0,scattered clouds
376,Nsanje,MW,-16.92,35.262,69.96,87,100,3.67,overcast clouds
377,Lafiagi,NG,8.8667,5.4167,69.24,18,87,1.7,overcast clouds
378,Oussouye,SN,12.485,-16.5469,75.38,41,100,10.67,overcast clouds
379,Karpogory,RU,64.0019,44.4451,-36.09,100,26,3.18,scattered clouds
380,Najran,SA,17.4924,44.1277,56.05,72,7,1.9,clear sky
381,Maracanau,BR,-3.8767,-38.6256,80.74,78,40,10.36,scattered clouds
382,Vidyayevo,RU,69.3191,32.8049,16.03,67,100,29.68,overcast clouds
383,Khudumelapye,BW,-23.8833,24.75,67.32,57,1,7.94,clear sky
384,Skibbereen,IE,51.55,-9.2667,46.11,73,18,28.39,few clouds
385,Yarmouth,US,41.7057,-70.2286,37.99,84,40,8.05,scattered clouds
386,Severnyy,RU,50.677,36.5532,-2.16,84,0,4.47,clear sky
387,Havelock,US,34.8791,-76.9013,58.95,95,40,0.0,scattered clouds
388,Lucapa,AO,-8.4192,20.7447,62.53,97,100,0.69,overcast clouds
389,Sroda Wielkopolska,PL,52.2284,17.2762,38.05,89,100,6.69,overcast clouds
390,Guarapari,BR,-20.6667,-40.4975,73.89,97,100,4.03,overcast clouds
391,Velyka Bilozerka,UA,47.2776,34.7062,18.28,70,27,11.88,scattered clouds
392,Sinazongwe,ZM,-17.2614,27.4618,70.27,92,100,7.61,moderate rain
393,Kattivakkam,IN,13.2167,80.3167,82.49,52,0,12.08,clear sky
394,Conneaut,US,41.9476,-80.5542,31.66,87,99,6.46,overcast clouds
395,Ileza,RU,61.0533,43.9002,-33.84,100,14,1.14,few clouds
396,Boa Vista,BR,2.8197,-60.6733,76.98,78,40,8.05,scattered clouds
397,Tombouctou,ML,20.0,-3.0,55.65,25,46,14.27,scattered clouds
398,Srivardhan,IN,18.0333,73.0167,82.78,30,0,3.22,clear sky
399,Bhuj,IN,23.2667,69.6667,74.79,43,0,7.76,clear sky
400,Tessalit,ML,20.1986,1.0114,58.95,21,96,9.19,overcast clouds
401,Inyonga,TZ,-6.7167,32.0667,64.8,85,100,3.8,overcast clouds
402,Bud,US,39.447,-86.1758,34.68,86,43,5.86,scattered clouds
403,Carbondale,US,37.7273,-89.2168,30.49,93,0,0.0,mist
404,Botwood,CA,49.1499,-55.3482,14.9,90,24,5.55,few clouds
405,Dax,FR,43.75,-1.1667,53.74,93,81,8.05,broken clouds
406,Beroroha,MG,-21.6667,45.1667,78.55,79,90,2.15,overcast clouds
407,Raudeberg,NO,61.9875,5.1352,45.86,61,100,12.33,overcast clouds
408,Huallanca,PE,-9.8993,-76.9417,47.28,90,100,2.68,overcast clouds
409,Rio Gallegos,AR,-51.6226,-69.2181,69.85,37,0,13.8,clear sky
410,Antalaha,MG,-14.9003,50.2788,80.01,75,22,4.12,light rain
411,Chekmagush,RU,55.1319,54.6556,-31.14,99,91,4.45,overcast clouds
412,Qeshm,IR,26.9581,56.2719,58.87,52,22,6.33,few clouds
413,Bayir,TR,37.2687,28.2167,28.92,53,0,2.04,clear sky
414,Ferme-Neuve,CA,46.7001,-75.4493,20.34,92,100,6.13,overcast clouds
415,Clarence Town,AU,-32.5833,151.7833,77.56,44,0,11.05,clear sky
416,Venezuela,VE,8.0,-66.0,79.7,68,100,8.59,overcast clouds
417,Japura,ID,-0.3167,102.35,86.09,63,100,3.8,overcast clouds
418,Matay,EG,28.419,30.7792,51.37,75,9,5.06,clear sky
419,Mandali,IQ,33.7499,45.5541,51.51,64,91,2.82,overcast clouds
420,Matao,BR,-21.6033,-48.3658,67.03,95,100,4.45,overcast clouds
421,Les Cayes,HT,18.2,-73.75,72.63,82,1,1.59,clear sky
422,Inirida,CO,3.8653,-67.9239,70.79,97,39,2.15,scattered clouds
423,Karasjok,NO,69.4719,25.5112,14.85,87,100,19.46,overcast clouds
424,Mananjary,MG,-21.2167,48.3333,80.02,78,82,7.74,light rain
425,Ostrovnoy,RU,68.0531,39.5131,9.5,94,35,20.18,scattered clouds
426,Kalmar,SE,56.6616,16.3616,42.96,99,100,8.05,light intensity drizzle
427,Camacha,PT,33.0833,-16.3333,60.22,88,20,4.61,few clouds
428,Quatre Cocos,MU,-20.2078,57.7625,83.08,71,23,11.88,few clouds
429,Damghan,IR,36.1683,54.348,38.39,67,77,1.5,broken clouds
430,Coreau,BR,-3.5333,-40.6567,73.13,86,95,0.69,overcast clouds
431,Zhanakorgan,KZ,43.9098,67.2495,25.3,58,100,6.13,overcast clouds
432,Morant Bay,JM,17.8815,-76.4093,78.42,84,14,6.15,few clouds
433,Gazojak,TM,41.1875,61.4036,26.78,57,91,5.14,overcast clouds
434,Nacala,MZ,-14.5428,40.6728,78.91,88,100,2.8,light rain
435,Bongandanga,CD,1.5,21.05,65.26,55,95,2.17,overcast clouds
436,Surami,GE,42.0243,43.5556,25.77,96,100,4.07,light snow
437,Aljezur,PT,37.3191,-8.8033,61.25,92,69,10.47,broken clouds
438,Pitimbu,BR,-7.4706,-34.8086,75.79,79,97,6.8,overcast clouds
439,Olinda,BR,-8.0089,-34.8553,80.33,74,75,4.61,broken clouds
440,Santa Cruz,BO,-17.8,-63.1667,74.66,88,75,2.3,broken clouds
441,Ramshir,IR,30.8946,49.4092,47.95,55,60,2.37,broken clouds
442,Belyy Yar,RU,53.6039,91.3903,15.69,83,100,4.47,mist
443,Filadelfia,US,39.9523,-75.1638,40.77,78,100,4.61,overcast clouds
444,Lomza,PL,53.1781,22.0593,35.58,98,100,9.8,overcast clouds
445,Portknockie,GB,57.7025,-2.8599,40.08,84,92,13.0,overcast clouds
446,Ballina,AU,-28.8667,153.5667,85.01,63,1,12.91,clear sky
447,Jalu,LY,29.0331,21.5482,51.44,88,0,8.59,clear sky
448,Grindavik,IS,63.8424,-22.4338,31.95,86,100,37.98,overcast clouds
449,Hlobyne,UA,49.3878,33.2596,18.3,62,67,13.22,broken clouds
450,Samana,DO,19.2056,-69.3369,72.66,89,16,8.61,few clouds
451,Talnakh,RU,69.4865,88.3972,-38.79,98,27,2.04,scattered clouds
452,Sao Jose Da Coroa Grande,BR,-8.8978,-35.1478,75.65,78,56,3.53,broken clouds
453,Brewster,US,41.3973,-73.6171,35.19,86,0,0.0,clear sky
454,Trairi,BR,-3.2778,-39.2689,78.22,79,100,9.19,overcast clouds
455,Sant Feliu De Guixols,ES,41.7833,3.0333,53.11,9,80,11.99,broken clouds
456,Karimnagar,IN,18.4333,79.15,72.52,19,0,6.24,clear sky
457,Utrecht,NL,52.0,5.25,42.98,93,98,7.0,overcast clouds
458,Durham,US,36.0335,-78.8664,40.48,91,100,5.75,mist
459,Puerto Cabezas,NI,14.0351,-83.3888,73.29,90,70,5.57,broken clouds
460,San Carlos De Bariloche,AR,-41.1456,-71.3082,60.55,63,0,6.91,clear sky
461,Ambanja,MG,-13.6833,48.45,76.93,82,12,1.23,light rain
462,Druzhba,UA,52.0428,33.9453,10.51,82,49,10.69,scattered clouds
463,Aromashevo,RU,56.8602,68.6375,-17.91,93,100,12.03,overcast clouds
464,Gravdal,NO,68.1214,13.5031,37.29,75,75,5.75,broken clouds
465,Herat,AF,34.5,62.0,47.79,49,5,5.01,clear sky
466,Carutapera,BR,-1.195,-46.02,75.69,90,41,5.37,scattered clouds
467,Komsomolskiy,UZ,40.4272,71.7189,43.52,81,85,2.3,overcast clouds
468,Sorland,NO,67.667,12.6934,40.86,71,99,24.47,overcast clouds
469,Shihezi,CN,44.3,86.0333,28.35,80,100,3.24,overcast clouds
470,Chalons-En-Champagne,FR,48.9539,4.3672,44.67,91,60,18.43,broken clouds
471,Ivangorod,RU,59.3716,28.2162,17.73,88,100,14.12,overcast clouds
472,Ponta Delgada,PT,37.7333,-25.6667,61.52,94,75,8.05,broken clouds
473,Khunti,IN,23.0833,85.2833,69.91,12,0,3.15,clear sky
474,Sistranda,NO,63.7256,8.834,42.76,73,65,6.29,broken clouds
475,Peniche,PT,39.3558,-9.3811,60.12,97,100,9.53,overcast clouds
476,Ancud,CL,-41.8697,-73.8203,58.73,92,74,10.89,broken clouds
477,Talcahuano,CL,-36.7167,-73.1167,58.68,94,20,8.05,few clouds
478,Altay,CN,47.8667,88.1167,31.28,92,100,2.44,snow
479,Ilinskiy,RU,55.619,38.1182,-1.82,84,40,7.0,mist
480,Zabid,YE,14.1951,43.3152,74.88,70,47,3.56,scattered clouds
481,Bengkulu,ID,-3.8004,102.2655,82.65,69,100,7.09,overcast clouds
482,Zaraza,VE,9.3503,-65.3245,72.28,88,96,4.03,overcast clouds
483,Am Timan,TD,11.0297,20.2827,67.08,21,100,5.08,overcast clouds
484,Salekhard,RU,66.53,66.6019,-24.09,94,22,5.06,few clouds
485,Maldonado,UY,-34.6667,-54.9167,65.59,94,2,8.43,clear sky
486,Annapolis,US,38.9785,-76.4922,40.05,88,100,5.75,overcast clouds
487,Puerto Suarez,BO,-18.95,-57.8,76.37,65,53,3.56,broken clouds
488,Balkhash,KZ,46.844,74.9804,11.01,79,0,13.42,clear sky
489,Kargil,IN,34.5667,76.1,10.6,88,100,0.34,overcast clouds
490,Kruisfontein,ZA,-34.0033,24.7314,71.4,57,2,3.53,clear sky
491,Jibuti,DJ,11.5,42.5,70.16,71,10,14.61,clear sky
492,Avallon,FR,47.4833,3.9,43.03,81,67,20.24,broken clouds
493,Mokhotlong,LS,-29.2894,29.0675,56.52,57,0,1.16,clear sky
494,Laurens,US,32.4502,-82.9165,54.03,92,100,0.0,overcast clouds
495,Gilgit,PK,35.9221,74.3087,42.94,83,91,2.64,overcast clouds
496,Biltine,TD,14.5333,20.9167,62.08,26,100,9.73,overcast clouds
497,Kaoma,ZM,-14.7833,24.8,64.51,97,100,2.59,overcast clouds
498,Vasai,IN,19.47,72.8,82.49,33,0,3.6,clear sky
499,General Pico,AR,-35.6566,-63.7568,74.73,29,38,10.74,scattered clouds
500,Yanam,IN,16.7333,82.2167,78.39,49,0,6.22,clear sky
501,Aleppo,SY,36.25,37.5,40.89,80,0,8.46,clear sky
502,Varadero,CU,23.1536,-81.2514,74.03,81,33,8.41,light rain
503,Tucuman,AR,-26.8241,-65.2226,71.6,68,0,12.66,clear sky
504,General Roca,AR,-39.0333,-67.5833,90.63,23,72,16.87,broken clouds
505,Krasnoselkup,RU,65.7,82.4667,-30.42,99,82,8.93,broken clouds
506,Effingham,US,32.3669,-81.3332,55.35,93,100,5.55,overcast clouds
507,Bell Ville,AR,-32.6259,-62.6887,75.67,34,2,8.23,clear sky
508,Humaita,BR,-7.5061,-63.0208,72.45,99,97,1.52,overcast clouds
509,Pittsfield,US,42.4501,-73.2454,29.1,82,6,1.72,clear sky
510,Pitkyaranta,RU,61.5734,31.4792,7.59,93,98,17.63,overcast clouds
511,Sakaraha,MG,-22.9,44.5333,77.0,76,72,6.29,broken clouds
512,Charyshskoye,RU,51.3978,83.5598,19.67,89,100,9.48,overcast clouds
513,Sao Joao Da Barra,BR,-21.6403,-41.0511,70.0,94,100,3.74,overcast clouds
514,Benghazi,LY,32.1167,20.0667,58.82,71,10,3.76,clear sky
515,Puerto Leguizamo,CO,-0.1934,-74.7819,70.39,99,99,1.61,overcast clouds
516,Santa Cecilia,BR,-26.9608,-50.4269,56.28,88,61,5.23,broken clouds
517,Narsimhapur,IN,22.95,79.2,66.33,20,0,4.36,clear sky
518,Huntington,US,38.4193,-82.4452,38.05,88,100,5.75,overcast clouds
519,Kifri,IQ,34.6959,44.9661,50.07,79,99,2.55,overcast clouds
520,Varberg,SE,57.1056,12.2508,48.4,95,100,15.64,overcast clouds
521,Tafresh,IR,34.692,50.013,31.05,67,6,4.25,clear sky
522,Manta,EC,-0.95,-80.7333,76.78,83,40,3.44,scattered clouds
523,Sassandra,CI,4.95,-6.0833,75.78,93,49,3.51,scattered clouds
524,Pitea,SE,65.3172,21.4794,24.89,96,100,13.2,light snow
525,Hammerfest,NO,70.6634,23.6821,23.45,74,75,17.27,broken clouds
526,Shache,CN,38.4167,77.2406,33.71,31,84,3.44,broken clouds
527,South Venice,US,27.0531,-82.4243,62.64,94,0,3.44,clear sky
528,Mitsamiouli,KM,-11.3847,43.2844,80.89,74,20,5.75,few clouds
529,Nadym,RU,65.5333,72.5167,-9.81,95,100,19.69,overcast clouds
530,Barranca,PE,-10.75,-77.7667,69.57,79,93,5.01,overcast clouds
531,Uyemskiy,RU,64.4743,40.8524,-17.95,75,20,4.47,few clouds
532,Constitucion,CL,-35.3333,-72.4167,57.63,96,37,6.78,scattered clouds
533,Kintampo,GH,8.0563,-1.7306,72.36,22,37,2.39,scattered clouds
534,Marsaxlokk,MT,35.8419,14.5431,59.07,82,20,8.05,few clouds
535,Villa Bruzual,VE,9.3328,-69.1208,73.06,86,80,3.33,broken clouds
536,Iturama,BR,-19.7281,-50.1956,69.6,97,100,8.08,overcast clouds
537,Feltre,IT,46.0235,11.907,48.58,98,100,3.56,overcast clouds
538,Batticaloa,LK,7.7102,81.6924,79.32,72,74,14.27,broken clouds
539,Bogota,CO,4.6097,-74.0817,47.71,93,89,2.3,overcast clouds
540,Canalete,CO,8.6761,-76.2042,76.06,93,92,4.94,overcast clouds
541,Traiguen,CL,-38.25,-72.6833,54.3,95,0,2.08,clear sky
542,Lawrenceburg,US,38.0373,-84.8966,37.56,92,100,4.61,overcast clouds
543,Olafsvik,IS,64.8945,-23.7142,31.48,67,100,20.69,overcast clouds
544,Qarqin,AF,37.4185,66.0436,51.78,59,0,8.14,clear sky
545,Matagami,CA,49.7502,-77.6328,21.31,93,100,6.91,overcast clouds
546,Tucurui,BR,-3.7661,-49.6725,72.27,98,93,3.18,overcast clouds
547,Maceio,BR,-9.6658,-35.7353,72.84,94,20,5.75,few clouds
548,Guatire,VE,10.4762,-66.5427,69.26,98,59,1.41,broken clouds
549,Pisco,PE,-13.7,-76.2167,68.05,83,0,1.14,clear sky
550,Borujerd,IR,33.8973,48.7516,31.33,82,18,2.51,few clouds
551,Inndyr,NO,67.0338,14.0276,35.64,74,100,15.26,overcast clouds
552,Ndele,CF,8.4109,20.6473,64.35,25,36,4.36,scattered clouds
553,Road Town,VG,18.4167,-64.6167,75.29,73,5,18.7,clear sky
554,Soller,ES,39.7662,2.7152,66.85,72,72,5.99,broken clouds
555,Messina,IT,38.1933,15.5497,56.19,85,42,5.75,scattered clouds
556,Mbanza-Ngungu,CD,-5.25,14.8667,66.56,96,100,2.01,overcast clouds
557,Selma,US,36.5708,-119.6121,57.45,94,75,8.05,broken clouds
558,Badarwas,IN,24.9667,77.5667,65.98,22,0,0.98,clear sky
559,Paragominas,BR,-2.9667,-47.4833,70.36,99,73,2.68,light rain
560,Le Port,RE,-20.9373,55.2919,84.2,59,4,2.8,clear sky
561,Baijiantan,CN,45.6333,85.1833,20.07,86,100,3.04,overcast clouds
562,Irituia,BR,-1.7711,-47.4381,72.63,99,100,3.33,overcast clouds
563,Port-Gentil,GA,-0.7193,8.7815,77.92,83,100,10.6,overcast clouds
564,Hella,NO,67.2,14.4333,33.94,60,0,32.21,clear sky
565,Pangoa,PE,-12.1167,-73.0,68.07,87,64,2.64,broken clouds
566,Sept-Iles,CA,50.2001,-66.3821,17.06,77,100,8.05,overcast clouds
567,Zambezi,ZM,-13.5432,23.1047,63.88,95,100,5.39,overcast clouds
568,Ittiri,IT,40.5929,8.5684,54.5,94,100,12.17,moderate rain
569,Wawa,NG,9.9022,4.4192,69.46,28,99,4.07,overcast clouds
570,Yuksekova,TR,37.5736,44.2872,24.55,93,75,5.75,mist
571,Padang,ID,-0.9492,100.3543,84.25,66,98,5.08,overcast clouds
572,Sambava,MG,-14.2667,50.1667,78.62,82,22,5.73,light rain
573,Villazon,BO,-22.0866,-65.5942,46.29,80,79,8.77,broken clouds
574,Veraval,IN,20.9,70.3667,77.99,47,0,9.35,clear sky
575,Nagda,IN,23.45,75.4167,67.98,20,0,4.99,clear sky
576,Kotelnikovo,RU,47.6317,43.1461,7.86,89,14,3.27,few clouds
577,Mitu,CO,1.1983,-70.1733,67.84,99,56,1.32,broken clouds
578,Cassilandia,BR,-19.1133,-51.7342,68.97,95,100,1.39,overcast clouds
579,Bereda,ES,43.2686,-7.5406,43.57,100,54,3.18,broken clouds
580,Dno,RU,57.8277,29.9637,17.08,86,97,11.18,overcast clouds
581,Bad Wildungen,DE,51.1196,9.1248,44.91,81,75,5.75,broken clouds
582,Moisakula,EE,58.0922,25.1864,24.96,92,100,12.44,snow
583,Umm Kaddadah,SD,13.6017,26.6876,58.21,27,98,14.74,overcast clouds
584,Pauini,BR,-7.7136,-66.9764,72.34,98,100,4.45,overcast clouds
585,Shahr-E Babak,IR,30.1165,55.1186,37.76,62,1,10.07,clear sky
586,Erding,DE,48.306,11.9069,44.24,94,0,2.3,clear sky
587,Turukhansk,RU,65.8167,87.9833,-27.36,89,83,7.45,broken clouds
588,Farafangana,MG,-22.8167,47.8333,79.74,81,67,11.05,light rain
589,Brandon,US,27.9378,-82.2859,61.9,86,0,1.01,clear sky
590,Saint-Pierre,RE,-21.3393,55.4781,83.88,58,0,5.75,clear sky
591,Mizdah,LY,31.4451,12.9801,44.65,53,0,8.63,clear sky
592,Sabla,NG,12.7525,4.7077,66.47,24,7,12.66,clear sky
593,Florianopolis,BR,-27.6146,-48.5012,66.63,82,75,1.14,broken clouds
594,Sur,OM,22.5667,59.5289,72.77,67,0,2.98,clear sky
595,Saint-Leu,RE,-21.15,55.2833,83.26,70,3,3.76,clear sky
596,Sao Felix Do Xingu,BR,-6.6447,-51.995,70.23,97,100,1.12,overcast clouds
597,Ucar,AZ,40.519,47.6542,32.18,95,100,3.51,light snow
598,Lethem,GY,3.3803,-59.7968,75.27,82,36,9.28,scattered clouds
599,North Augusta,US,33.5018,-81.9651,57.15,82,100,3.44,overcast clouds
600,New Amsterdam,GY,6.25,-57.5167,72.5,97,59,4.47,broken clouds
601,Ordynskoye,RU,54.3656,81.8994,-2.79,89,100,18.7,overcast clouds
602,Nokaneng,BW,-19.6667,22.2667,68.74,70,100,7.78,overcast clouds
603,Coxim,BR,-18.5067,-54.76,72.1,89,96,3.62,overcast clouds
604,Khandbari,NP,27.3747,87.2039,70.09,25,0,3.65,clear sky
605,Berea,US,41.3662,-81.8543,31.23,81,97,5.99,overcast clouds
606,Pangnirtung,CA,66.1451,-65.7125,-14.15,74,20,3.98,few clouds
607,Huicungo,PE,-7.2833,-76.8,70.39,94,82,1.68,broken clouds
608,Rudnichnyy,RU,59.617,52.4703,-38.9,99,29,4.0,scattered clouds
609,Cognac,FR,45.5,-0.25,45.37,81,0,6.91,clear sky
610,Oksfjord,NO,70.2396,22.3479,30.38,82,100,13.0,overcast clouds
611,Pontes E Lacerda,BR,-15.2261,-59.3353,71.42,73,66,2.66,broken clouds
612,Bani Walid,LY,31.7566,13.9942,50.29,47,0,9.93,clear sky
613,Taoudenni,ML,22.6783,-3.9836,55.45,28,74,10.6,broken clouds
614,Muzhi,RU,65.3667,64.6667,-19.55,91,22,6.22,few clouds
615,Codajas,BR,-3.8367,-62.0569,72.21,98,59,1.34,broken clouds
616,Marsa Matruh,EG,31.3525,27.2453,57.4,67,40,11.5,scattered clouds
617,Muros,ES,42.7762,-9.0603,49.68,96,82,8.3,broken clouds
618,Rumilly,FR,45.8667,5.95,47.77,68,100,2.3,overcast clouds
619,Bardiyah,LY,31.7561,25.0865,57.94,68,8,8.9,clear sky
620,Santa Rosa,PH,14.3122,121.1114,86.09,66,64,12.82,broken clouds
621,Beloha,MG,-25.1667,45.05,79.34,72,94,4.52,overcast clouds
622,Pedasi,PA,7.5333,-80.0333,77.52,82,34,9.28,scattered clouds
623,Priiskovyy,RU,51.9333,116.6333,11.66,83,58,2.82,broken clouds
624,Rajec,SK,49.089,18.6401,47.35,89,100,2.3,light rain
625,Lydenburg,ZA,-25.0978,30.4597,61.88,71,0,1.97,clear sky
626,Annonay,FR,45.2397,4.6708,45.82,80,15,3.24,few clouds
627,Neftcala,AZ,39.3742,49.2472,36.0,83,100,22.03,light rain
628,Povenets,RU,62.8487,34.8262,-6.36,93,63,10.89,broken clouds
629,Soyo,AO,-6.1349,12.3689,76.3,90,97,3.94,overcast clouds
630,Carlos Antonio Lopez,PY,-26.4,-54.7667,65.19,68,47,1.45,scattered clouds
631,Narasannapeta,IN,18.4167,84.05,76.01,37,0,4.94,clear sky
632,Baghdad,IQ,33.3406,44.4009,48.11,100,90,3.44,mist
633,Doka,SD,13.5167,35.7667,69.69,31,12,7.09,few clouds
634,Esperantina,BR,-3.9017,-42.2336,72.72,95,85,3.51,overcast clouds
635,High Rock,BS,26.6208,-78.2833,64.42,73,66,7.76,broken clouds
636,Alekseyevka,RU,50.6309,38.6903,5.09,89,12,3.42,few clouds
637,Mehar,PK,27.1807,67.8229,66.63,14,100,3.2,overcast clouds
638,Moose Factory,CA,51.2585,-80.6094,21.2,86,100,4.61,light snow
639,The Valley,AI,18.217,-63.0578,77.09,75,2,16.96,clear sky
640,Goumeron,GR,37.7667,21.6167,47.34,85,4,4.23,clear sky
641,George Town,MY,5.4112,100.3354,84.13,78,40,8.05,scattered clouds
642,Dembi Dolo,ET,8.5333,34.8,61.39,53,20,3.89,few clouds
643,Isla Mujeres,MX,21.2311,-86.731,75.16,78,0,9.46,clear sky
644,Martinsville,US,36.6915,-79.8725,40.08,97,100,0.0,overcast clouds
645,Nezhinka,RU,51.7676,55.3694,-27.24,68,40,2.24,mist
646,Yarkovo,RU,57.4028,67.0786,-23.31,93,98,8.23,overcast clouds
647,Badou,TG,7.5833,0.6,69.55,21,33,3.67,scattered clouds
648,Wagar,SD,16.1525,36.2032,67.41,76,2,6.4,clear sky
649,Salamiyah,SY,35.0113,37.0532,43.25,83,13,5.35,few clouds
650,Tucupita,VE,9.0622,-62.051,70.84,99,100,2.46,overcast clouds
651,Kaupanger,NO,61.1845,7.2404,30.83,93,91,4.23,overcast clouds
652,Betare Oya,CM,5.6,14.0833,63.72,32,81,3.89,broken clouds
653,Chone,EC,-0.6833,-80.1,73.45,88,89,2.08,overcast clouds
654,Larsnes,NO,62.2028,5.5773,46.67,76,100,8.75,overcast clouds
655,Alibag,IN,18.6411,72.8792,82.47,34,0,4.25,clear sky
656,Araguacu,BR,-12.9306,-49.8264,71.64,93,100,0.49,overcast clouds
657,Storforshei,NO,66.4043,14.5233,31.78,64,40,13.8,scattered clouds
658,Dunmore Town,BS,25.5,-76.65,75.47,75,5,16.26,clear sky
659,Blyth,GB,55.1271,-1.5086,43.09,85,20,12.66,few clouds
660,Ati,TD,13.2154,18.3353,61.84,22,100,9.35,overcast clouds
661,Atar,MR,20.5169,-13.0499,66.33,15,100,13.76,overcast clouds
662,Issoudun,FR,47.0,1.8333,44.74,87,75,19.57,broken clouds
663,Iquique,CL,-20.2208,-70.1431,68.04,77,39,2.3,scattered clouds
664,Tshikapa,CD,-6.4167,20.8,67.05,97,100,2.3,overcast clouds
665,Sarankhola,BD,22.3082,89.7897,76.95,31,0,5.7,clear sky
666,Myre,NO,69.1036,15.9492,35.55,69,100,22.82,overcast clouds
667,Meulaboh,ID,4.1363,96.1285,82.89,68,93,3.65,overcast clouds
668,Derzhavinsk,KZ,51.1,66.3167,-18.65,98,41,9.1,scattered clouds
669,Wolfsburg,DE,52.4333,10.8,46.45,82,98,9.55,light rain
670,Gijon,ES,43.5357,-5.6615,53.8,66,87,10.0,overcast clouds
671,Miracema Do Tocantins,BR,-9.5618,-48.3967,71.38,95,67,0.89,broken clouds
672,Cheremisinovo,RU,51.8855,37.2646,1.65,91,28,5.68,scattered clouds
673,Maraa,BR,-1.8333,-65.3667,70.81,99,75,2.01,broken clouds
674,Losal,IN,27.4,74.9167,68.02,13,72,1.19,broken clouds
675,Surgut,RU,61.25,73.4167,-25.42,75,20,13.42,few clouds
676,Manbij,SY,36.5281,37.9549,39.88,82,4,7.4,clear sky
677,Zabol,AF,32.25,67.25,34.41,96,48,6.15,scattered clouds
678,Sinor,IN,21.9167,73.3333,66.22,21,0,6.46,clear sky
679,Cobija,BO,-11.0267,-68.7692,77.29,63,90,1.86,overcast clouds
680,Cocachacra,PE,-17.0883,-71.7575,69.15,83,85,2.1,overcast clouds
681,Santa Marta,CO,11.2408,-74.199,81.9,73,20,5.01,few clouds
682,Salym,RU,60.0625,71.4789,-18.22,93,100,10.89,overcast clouds
683,Rawson,AR,-43.3002,-65.1023,80.49,42,60,35.39,broken clouds
684,Tingi,TZ,-11.3,35.0333,66.42,90,100,3.15,overcast clouds
685,Vallenar,CL,-28.5708,-70.7581,67.91,59,0,2.1,clear sky
686,Fenoarivo,MG,-18.933,47.4354,69.87,83,75,5.75,broken clouds
687,Znamenskoye,RU,57.1281,73.8282,-16.98,93,100,9.17,overcast clouds
688,Georgiyevskoye,RU,58.731,45.024,-40.47,100,49,2.95,scattered clouds
689,Maarianhamina,AX,60.0973,19.9348,33.66,100,100,17.27,light intensity drizzle
